Question,Answer
How do I check the balance in my Savings Account, 1. Log in to your online banking account and navigate to the account summary or balance section. 2. Use your bank's mobile app to check your account balance. 3. Visit an ATM and use your debit card to check the balance. 4. Contact your bank's customer service for assistance.
How do I check the last transaction details for my Savings Account," 1. Log in to your online banking account. 2. Go to the transaction history or statement section. 3. Select the date range for the transactions you want to view. 4. Alternatively\, you can visit a local branch or contact customer service for assistance."
How do I get my IFSC Code, 1. Your bank's website. 2. Your account passbook. 3. A printed cheque; the IFSC is usually printed at the bottom.
How do I get my Customer ID or Cust ID,Your Customer ID (Cust ID) is usually mentioned on: 1. Your account statement. 2. Your account passbook. 3. The welcome kit provided by the bank. 4. You can also find it by logging in to your online banking account or contacting customer service.
How do I transfer my account to a different branch,"To transfer your account to a different branch, follow these steps: 1. Visit your current branch and request an account transfer form. 2. Fill out the necessary details in the form. 3. Submit the form along with any required documents to your current branch. 4. Your current branch will initiate the transfer process. 5. Once the transfer is processed your account will be linked to the new branch."
What is investment?,"When capital is deployed with an expectation of earning returns in the form of interest income or capital appreciation\, it is called investing. It helps you secure your future\, meet your financial goals\, and maintain or improve the value of money. There could be multiple avenues of investing\, including financial securities such as equities\, bonds\, mutual funds\, PMS\, structured products\, and alternate investment funds\, as well as assets like real estate and gold."
Is it prudent to take professional advice if I have to invest my money?,"Yes\, it is generally prudent to seek professional advice when investing money. Financial advisors can provide insights\, guidance\, and personalized strategies to align your investments with your financial goals and risk tolerance."
What are the various investment approaches that can be followed?,"There are various investment approaches\, including value investing\, growth investing\, income investing\, and momentum investing. The choice of approach depends on your financial goals\, risk tolerance\, and investment horizon."
What are the advantages of investing through MFs vis-Ã -vis investing in stocks directly?,"Investing through Mutual Funds (MFs) provides diversification\, professional management\, liquidity\, and accessibility to a variety of assets. It reduces the risk associated with individual stock picking and is suitable for investors with varying risk appetites."
